{"cameraMode":{"drawMode":0,"name":"Shaded","section":"Shading Mode"},"sceneLighting":true,"audioPlay":false,"sceneViewState":{"m_AlwaysRefresh":false,"showFog":true,"showSkybox":true,"showFlares":true,"showImageEffects":true,"showParticleSystems":true,"showVisualEffectGraphs":true,"m_FxEnabled":true},"in2DMode":false,"pivot":{"x":154.16534423828126,"y":7.099809646606445,"z":-124.98446655273438},"rotation":{"x":-0.04917345941066742,"y":-0.2852225601673126,"z":0.014577672816812992,"w":-0.9571911096572876},"size":7.325018882751465,"orthographic":false}