{"cameraMode":{"drawMode":0,"name":"Shaded","section":"Shading Mode"},"sceneLighting":true,"audioPlay":false,"sceneViewState":{"m_AlwaysRefresh":false,"showFog":true,"showSkybox":true,"showFlares":true,"showImageEffects":true,"showParticleSystems":true,"showVisualEffectGraphs":true,"m_FxEnabled":true},"in2DMode":false,"pivot":{"x":678.1557006835938,"y":521.8582153320313,"z":3.4805526733398439},"rotation":{"x":0.16428424417972566,"y":0.3382635712623596,"z":-0.060034237802028659,"w":0.9246904850006104},"size":738.6649780273438,"orthographic":true}