{"cameraMode":{"drawMode":0,"name":"Shaded","section":"Shading Mode"},"sceneLighting":true,"audioPlay":false,"sceneViewState":{"m_AlwaysRefresh":false,"showFog":true,"showSkybox":true,"showFlares":true,"showImageEffects":true,"showParticleSystems":true,"showVisualEffectGraphs":true,"m_FxEnabled":true},"in2DMode":false,"pivot":{"x":-1.3118336200714112,"y":1.6073957681655884,"z":18.147701263427736},"rotation":{"x":0.2504281997680664,"y":-0.6976123452186585,"z":0.29054874181747439,"w":0.6054288148880005},"size":49.46747589111328,"orthographic":false}