{"cameraMode":{"drawMode":0,"name":"Shaded","section":"Shading Mode"},"sceneLighting":true,"audioPlay":false,"sceneViewState":{"m_AlwaysRefresh":false,"showFog":true,"showSkybox":true,"showFlares":true,"showImageEffects":true,"showParticleSystems":true,"showVisualEffectGraphs":true,"m_FxEnabled":true},"in2DMode":false,"pivot":{"x":117.36744689941406,"y":17.554637908935548,"z":3.0119714736938478},"rotation":{"x":0.1984635889530182,"y":0.7960726618766785,"z":-0.4534638822078705,"w":0.34830424189567568},"size":134.30975341796876,"orthographic":false}