{"cameraMode":{"drawMode":0,"name":"Shaded","section":"Shading Mode"},"sceneLighting":true,"audioPlay":false,"sceneViewState":{"m_AlwaysRefresh":false,"showFog":true,"showSkybox":true,"showFlares":true,"showImageEffects":true,"showParticleSystems":true,"showVisualEffectGraphs":true,"m_FxEnabled":true},"in2DMode":false,"pivot":{"x":47.308441162109378,"y":-0.7616863250732422,"z":40.773895263671878},"rotation":{"x":0.3188309371471405,"y":0.22934481501579286,"z":-0.07962154597043991,"w":0.9163162708282471},"size":56.24535369873047,"orthographic":false}